date,start_value,end_value,daily_pnl,daily_return_pct,trades_executed,positions_open,drawdown_pct
2024-01-01,100000.0,100000.0,0.0,0.0,0,0,0.0
2024-01-02,100000.0,99905.69980799996,-94.3001920000388,-0.09430019200003881,8,0,0.10909769941585595
2024-01-03,99905.69980799996,99804.66084399995,-101.03896400000667,-0.101134333871025,13,1,0.1998326006326481
2024-01-04,99804.66084399995,99697.46756799996,-107.19327599999087,-0.10740307626268047,20,0,0.30273766479638964
2024-01-05,99697.46756799996,99581.68574799993,-115.7818200000329,-0.11613316047477573,27,1,0.45057368046711244
2024-01-07,99581.68574799993,99584.15374799992,2.4679999999934807,0.002478367363893566,27,1,0.45057368046711244
2024-01-08,99584.15374799992,99536.96484399993,-47.18890399999509,-0.04738595672501043,33,0,0.4832230852563583
2024-01-09,99536.96484399993,99424.09699199989,-112.86785200003942,-0.11339290099605953,39,1,0.5772796756352531
2024-01-10,99424.09699199989,99346.36451599986,-77.73247600003378,-0.07818273270944416,46,0,0.6538399940312865
2024-01-11,99346.36451599986,99234.64047599988,-111.72403999997186,-0.11245911266534427,50,1,0.7664958021225187
2024-01-12,99234.64047599988,99119.19825999989,-115.44221599999582,-0.11633257846882186,54,1,0.8802006680542217
2024-01-14,99119.19825999989,99124.3102599999,5.1120000000082655,0.005157426704157717,54,1,0.8813817816228358
2024-01-15,99124.3102599999,99001.50765199987,-122.80260800002725,-0.12388747793343523,62,1,0.9975241505368099
2024-01-16,99001.50765199987,98937.61684799989,-63.89080399998056,-0.06453518286263184,69,0,1.0625868206013864
2024-01-17,98937.61684799989,98816.26645599987,-121.35039200002211,-0.12265344149784352,75,1,1.18393696279486
2024-01-18,98816.26645599987,98672.81685199986,-143.44960400000855,-0.14516800638676494,83,2,1.3297702665882678
2024-01-19,98672.81685199986,98540.35295599983,-132.46389600003022,-0.13424558072433856,89,1,1.4659458822626223
2024-01-21,98540.35295599983,98542.12895599983,1.775999999998021,0.0018023073255999391,89,1,1.4659458822626223
2024-01-22,98542.12895599983,98391.68247199984,-150.4464839999855,-0.1526722485031367,98,1,1.6061520776397369
2024-01-23,98391.68247199984,98317.37484799982,-74.30762400002277,-0.07552226177367088,103,1,1.6852395388334744
2024-01-24,98317.37484799982,98214.0669319998,-103.30791600001976,-0.1050759503696426,111,0,1.7861352471336283
2024-01-25,98214.0669319998,98122.99448799978,-91.07244400001946,-0.09272851318037266,117,0,1.8772075036559435
2024-01-26,98122.99448799978,98069.48541599978,-53.50907200000074,-0.054532652900788486,120,1,1.9370164525356373
2024-01-28,98069.48541599978,98044.49970399978,-24.985711999994237,-0.025477560011666876,121,1,1.9605061161807502
2024-01-29,98044.49970399978,97931.25661199978,-113.24309200000425,-0.11550172864555341,126,1,2.0693849840470713
2024-01-30,97931.25661199978,97836.26913199977,-94.98748000001069,-0.09699403774256443,132,1,2.1748522469363887
2024-01-31,97836.26913199977,97765.09385999976,-71.17527200000768,-0.07274937263192106,134,1,2.2413593820274635
2024-02-01,97765.09385999976,97678.24225599976,-86.85160399999586,-0.08883702819778183,138,1,2.3232428174655007
2024-02-02,97678.24225599976,97502.4148959998,-175.82735999996657,-0.18000667900958936,147,0,2.4762907384071458
2024-02-04,97502.4148959998,97502.4148959998,0.0,0.0,147,0,2.497785818158228
2024-02-05,97502.4148959998,97416.2402679998,-86.17462799999339,-0.08838204478515829,153,1,2.582876270994431
2024-02-06,97416.2402679998,97227.89883999986,-188.34142799994152,-0.1933367860243829,163,1,2.777269298824643
2024-02-07,97227.89883999986,97123.51641999985,-104.382420000009,-0.10735850640131879,169,1,2.8940154784956524
2024-02-08,97123.51641999985,97098.32617199986,-25.190247999998974,-0.025936301452540646,172,0,2.901873710319
2024-02-09,97098.32617199986,97006.72793199985,-91.59824000000663,-0.0943355499638064,178,1,3.008643730526505
2024-02-11,97006.72793199985,97009.67593199985,2.948000000003958,0.0030389644747841186,178,1,3.008643730526505
2024-02-12,97009.67593199985,97030.15039999987,20.474468000014895,0.021105593646521127,179,1,3.008643730526505
2024-02-13,97030.15039999987,96984.63811999983,-45.51228000003903,-0.04690529676849711,185,0,3.0398213303455623
2024-02-14,96984.63811999983,96907.6726519998,-76.96546800002398,-0.07935841128240745,191,1,3.0911708406395504
2024-02-15,96907.6726519998,96849.4082839998,-58.26436800000374,-0.060123586095431204,193,1,3.1622550623084256
2024-02-16,96849.4082839998,96778.07819999979,-71.33008400001563,-0.07365051089506745,196,1,3.225689015725834
2024-02-18,96778.07819999979,96708.34394399979,-69.7342559999961,-0.0720558387777494,197,1,3.2942351306195308
2024-02-19,96708.34394399979,96601.66202799979,-106.68191600000137,-0.11031304192508652,204,0,3.3985368319082316
2024-02-20,96601.66202799979,96460.38715999975,-141.2748680000368,-0.1462447591834275,212,0,3.547924688384399
2024-02-21,96460.38715999975,96338.69737599975,-121.68978400000196,-0.12615518927801314,219,1,3.6647049359852564
2024-02-22,96338.69737599975,96198.07842399973,-140.6189520000189,-0.14596310291719847,228,0,3.802119605108936
2024-02-23,96198.07842399973,96112.21945599972,-85.85896800001501,-0.08925226928295349,234,0,3.8904342233080027
2024-02-25,96112.21945599972,96112.21945599972,0.0,0.0,234,0,3.8904342233080027
2024-02-26,96112.21945599972,95996.99716399971,-115.22229200000584,-0.11988308318356412,239,1,4.001584454498603
2024-02-27,95996.99716399971,95853.46809599968,-143.52906800003257,-0.1495141225665943,247,1,4.148084968918532
2024-02-28,95853.46809599968,95754.32742399967,-99.14067200000864,-0.10342940528841037,254,1,4.249645683849711
2024-02-29,95754.32742399967,95728.68865599971,-25.63876799996069,-0.026775571078299528,258,0,4.27263191653114
2024-03-01,95728.68865599971,95673.5381759997,-55.15048000001116,-0.05761123522562184,264,0,4.334416669343512
2024-03-03,95673.5381759997,95667.26752399969,-6.270652000006521,-0.0065542177278644365,264,1,4.33573740662472
2024-03-04,95667.26752399969,95587.42483599966,-79.84268800003338,-0.08345873156668088,268,1,4.415295930848758
2024-03-05,95587.42483599966,95499.89893999965,-87.52589600000647,-0.09156632909629647,271,1,4.540705568685491
2024-03-06,95499.89893999965,95327.23969999966,-172.6592399999936,-0.1807952070278853,274,1,4.682048517722537
2024-03-07,95327.23969999966,95120.06627599965,-207.1734240000078,-0.21732867190112137,283,0,4.880129533960899
2024-03-08,95120.06627599965,95005.25262799961,-114.8136480000394,-0.12070391926231107,289,0,5.043908936811213
2024-03-10,95005.25262799961,94977.0069479996,-28.24568000000727,-0.029730650904750928,290,0,5.043908936811213
2024-03-11,94977.0069479996,94758.34343999959,-218.66350800001237,-0.23022783621696122,302,1,5.240495628125731
2024-03-12,94758.34343999959,94694.30607199957,-64.03736800001934,-0.06757966177465673,310,1,5.317664837268316
2024-03-13,94694.30607199957,94516.26417599959,-178.04189599998062,-0.18801753071046196,317,0,5.490732316998497
2024-03-14,94516.26417599959,94424.95380799957,-91.31036800002039,-0.09660810104596446,323,1,5.584876551196957
2024-03-15,94424.95380799957,94300.14141999959,-124.81238799997664,-0.1321815716783572,331,0,5.700052702099918
2024-03-17,94300.14141999959,94278.29526399958,-21.84615600001416,-0.023166620612703484,332,0,5.721898813128401
2024-03-18,94278.29526399958,94204.78146799958,-73.51379599999927,-0.07797531318756323,335,1,5.794288460109972
2024-03-19,94204.78146799958,94012.5804159996,-192.20105199997488,-0.20402473102202742,346,1,5.990837107502748
2024-03-20,94012.5804159996,93858.7121359996,-153.8682800000097,-0.1636677552293028,353,0,6.141481077393119
2024-03-21,93858.7121359996,93779.84208399961,-78.87005199998384,-0.0840306138930423,358,2,6.223202961163701
2024-03-22,93779.84208399961,93669.0742679996,-110.76781600000686,-0.11811473930697274,365,1,6.352489735019115
2024-03-24,93669.0742679996,93644.1512799996,-24.922988000005716,-0.026607488325012967,366,1,6.356041491707629
2024-03-25,93644.1512799996,93458.98373599953,-185.16754400006903,-0.19773530057035915,375,2,6.54220465247966
2024-03-26,93458.98373599953,93369.19361599957,-89.79011999996146,-0.09607435947901832,382,1,6.6361144991605805
2024-03-27,93369.19361599957,93286.99160399957,-82.20201199999428,-0.0880397578863831,387,2,6.732344393065554
2024-03-28,93286.99160399957,92970.37971599953,-316.6118880000431,-0.33939553903083386,397,0,7.0298116687113605
2024-03-31,92970.37971599953,92970.37971599953,0.0,0.0,397,0,7.0298116687113605
2024-04-01,92970.37971599953,92913.93997999952,-56.43973600001482,-0.06070722328167705,402,1,7.100355259493169
2024-04-02,92913.93997999952,92729.41667599953,-184.52330399998755,-0.1985959308578537,408,1,7.2812341911430085
2024-04-03,92729.41667599953,92653.04647199952,-76.3702040000062,-0.08235811971819783,413,0,7.347144259463192
2024-04-04,92653.04647199952,92495.25278399953,-157.79368799999065,-0.17030598993598894,421,1,7.527993999173137
2024-04-05,92495.25278399953,92251.69424299954,-243.55854099999124,-0.2633200447257156,429,1,7.759568639462847
2024-04-07,92251.69424299954,92265.96791899954,14.273675999997067,0.015472535347046179,430,0,7.759568639462847
2024-04-08,92265.96791899954,92114.40403399953,-151.5638850000105,-0.1642684604285176,439,1,7.889034581949442
2024-04-09,92114.40403399953,92002.49620399956,-111.90782999996736,-0.12148787279637836,443,1,7.997735188182693
2024-04-10,92002.49620399956,92105.98789399955,103.49168999999529,0.11248791529582028,448,1,8.013014156730016
2024-04-11,92105.98789399955,91960.39051999954,-145.59737400001904,-0.15807590508402147,456,1,8.04397177700192
2024-04-12,91960.39051999954,91882.82430799952,-77.56621200001973,-0.08434741475260552,463,0,8.16274291250443
2024-04-14,91882.82430799952,91882.82430799952,0.0,0.0,463,0,8.16274291250443
2024-04-15,91882.82430799952,91815.88748599953,-66.93682199998875,-0.07285020079009596,472,1,8.20324348313158
2024-04-16,91815.88748599953,91731.02842699952,-84.85905900000944,-0.09242306677365517,480,1,8.276951390399425
2024-04-17,91731.02842699952,91628.59702099954,-102.43140599997423,-0.11166494887985495,490,0,8.37159160157685
2024-04-18,91628.59702099954,91445.49410299958,-183.10291799996048,-0.1998316289378487,497,1,8.58458308112108
2024-04-19,91445.49410299958,91318.63898299953,-126.8551200000511,-0.13872211118151748,504,0,8.698159304317658
2024-04-21,91318.63898299953,91314.76223299952,-3.876750000010361,-0.004245299802083211,505,0,8.698159304317658
2024-04-22,91314.76223299952,91240.2800959995,-74.48213700002816,-0.08156637018884078,514,0,8.759907727204856
2024-04-23,91240.2800959995,91155.7157569995,-84.56433899998956,-0.09268312077847003,520,1,8.868138843404601
2024-04-24,91155.7157569995,91132.4090989995,-23.306658000001335,-0.02556796116014448,523,0,8.898507852888175
2024-04-25,91132.4090989995,90978.6417709995,-153.76732800000173,-0.16872957658011684,529,1,9.037250481278152
2024-04-26,90978.6417709995,90875.70255799954,-102.93921299996146,-0.1131465704434978,537,0,9.124484514701619
2024-04-28,90875.70255799954,90858.82984099955,-16.8727169999911,-0.018566807766049936,538,0,9.141357196968181
2024-04-29,90858.82984099955,90711.21904399953,-147.61079700001574,-0.16246169718268502,546,0,9.292614542595869
2024-04-30,90711.21904399953,90701.06478499954,-10.154258999988087,-0.011194049762535721,552,1,9.319143469984468
2024-05-01,90701.06478499954,90550.40243899956,-150.6623459999828,-0.16610868500509582,560,1,9.451349960829472
2024-05-02,90550.40243899956,90554.17447699954,3.7720379999809666,0.004165677786492499,566,0,9.456386950460521
2024-05-03,90554.17447699954,90381.52492399953,-172.6495530000102,-0.1906588558696017,576,0,9.61866113140941
2024-05-05,90381.52492399953,90374.68542199951,-6.839502000017092,-0.007567367341686618,577,0,9.630097338867289
2024-05-06,90374.68542199951,90263.7053059995,-110.98011600002064,-0.12280000254695794,583,1,9.736837506136293
2024-05-07,90263.7053059995,90180.51842299952,-83.18688299997302,-0.09215983624643415,592,1,9.821869214093395
2024-05-08,90180.51842299952,90122.08543699954,-58.43298599998525,-0.0647955756096902,598,1,9.880416079571132
2024-05-09,90122.08543699954,89976.51440899952,-145.5710280000203,-0.16152647521875504,604,1,10.025509808887005
2024-05-10,89976.51440899952,89842.82064199947,-133.69376700004796,-0.14858740403337498,612,1,10.15736430445667
2024-05-12,89842.82064199947,89838.58451599948,-4.236125999988872,-0.004715041190512867,612,2,10.1651194144923
2024-05-13,89838.58451599948,89660.04734899948,-178.53716700000223,-0.19873105521626544,625,0,10.340137221207646
2024-05-14,89660.04734899948,89465.17312099948,-194.87422800000058,-0.21734789771129334,634,1,10.541980033702103
2024-05-15,89465.17312099948,89407.07517199947,-58.0979490000027,-0.06493917909422323,640,0,10.603540326976555
2024-05-16,89407.07517199947,89395.34633599948,-11.728835999994772,-0.013118465152149402,643,2,10.60996999174069
2024-05-17,89395.34633599948,89167.2243289995,-228.12200699998357,-0.25518331361743257,651,0,10.793358702224022
2024-05-19,89167.2243289995,89157.89884699951,-9.32548199998564,-0.010458419077370286,651,1,10.848443676828289
2024-05-20,89157.89884699951,89030.1925189995,-127.70632800001476,-0.14323613460111567,658,1,10.979440735162983
2024-05-21,89030.1925189995,88773.32585299957,-256.86666599992895,-0.2885163546570028,673,0,11.226856891841912
2024-05-22,88773.32585299957,88606.1839819996,-167.1418709999707,-0.1882793839184782,685,0,11.39399841877102
2024-05-23,88606.1839819996,88581.35007199961,-24.833909999986645,-0.028027287581904748,692,0,11.44156711884799
2024-05-24,88581.35007199961,88454.05592299959,-127.29414900002303,-0.1437031033017191,699,0,11.57103566832925
2024-05-26,88454.05592299959,88452.36446599959,-1.6914569999935338,-0.0019122435736196987,699,1,11.57103566832925
2024-05-27,88452.36446599959,88348.29840499959,-104.06606100000499,-0.1176520962760777,706,1,11.66550943684931
2024-05-28,88348.29840499959,88271.60131699954,-76.69708800004446,-0.08681218471062732,713,1,11.728913394328499
2024-05-29,88271.60131699954,88215.60649999956,-55.99481699998432,-0.06343469039254951,720,1,11.810528043319843
2024-05-30,88215.60649999956,88143.34774399955,-72.25875600001018,-0.08191153342012168,727,1,11.869372760184453
2024-05-31,88143.34774399955,88012.37461399958,-130.9731299999694,-0.14859105463110292,737,0,12.022967718999999
2024-06-02,88012.37461399958,88005.68531299956,-6.68930100002035,-0.007600409634847331,737,1,12.022967718999999
2024-06-03,88005.68531299956,87853.77891799955,-151.9063950000127,-0.17260975181290272,746,0,12.138904589337015
2024-06-04,87853.77891799955,87759.5480029996,-94.23091499994916,-0.10725880680431729,753,1,12.24186265239162
2024-06-05,87759.5480029996,87563.94465499959,-195.6033480000042,-0.22288554630354127,763,1,12.437426597811516
2024-06-06,87563.94465499959,87420.06490099954,-143.87975400005234,-0.16431392460325545,772,1,12.582473053224724
2024-06-07,87420.06490099954,87407.93002399956,-12.13487699997495,-0.013881111863411807,781,0,12.618236144604268
2024-06-09,87407.93002399956,87407.93002399956,0.0,0.0,781,0,12.618236144604268
2024-06-10,87407.93002399956,87326.38357399956,-81.54645000000892,-0.09329410955918845,785,1,12.683294172678385
2024-06-11,87326.38357399956,87274.17754399957,-52.20602999998664,-0.059782654294561206,787,1,12.732656101063897
2024-06-12,87274.17754399957,87270.87978799955,-3.2977560000144877,-0.0037786159581416996,788,1,12.788105742917486
2024-06-13,87270.87978799955,87203.9388079996,-66.94097999995574,-0.07670483002184729,795,1,12.798760700983577
2024-06-14,87203.9388079996,87081.08659399961,-122.85221399998409,-0.14087920302599258,800,1,12.932748639161334
2024-06-16,87081.08659399961,87093.31459399962,12.228000000002794,0.01404208477210868,800,1,12.932748639161334
2024-06-17,87093.31459399962,86929.25313499958,-164.0614590000332,-0.18837434281245782,811,0,13.062888143261397
2024-06-18,86929.25313499958,86852.21213299957,-77.04100200001267,-0.08862494410295849,816,1,13.153441645851585
2024-06-19,86852.21213299957,86807.61147499955,-44.60065800002485,-0.05135235695750206,819,1,13.19851921105675
2024-06-20,86807.61147499955,86651.34496999957,-156.26650499997777,-0.18001475025606742,825,1,13.349073406131886
2024-06-21,86651.34496999957,86609.65961599955,-41.68535400001565,-0.0481069901620661,829,1,13.394553666508054
2024-06-23,86609.65961599955,86606.27535199956,-3.3842639999929816,-0.003907490244157247,830,0,13.394553666508054
2024-06-24,86606.27535199956,86479.56687199956,-126.70848000000115,-0.1463040403077162,836,1,13.531126129365436
2024-06-25,86479.56687199956,86330.25132799956,-149.31554399999732,-0.17265991193156965,847,1,13.672266382819764
2024-06-26,86330.25132799956,86230.36676599956,-99.88456200000655,-0.115700534243216,856,1,13.782845717185555
2024-06-27,86230.36676599956,86167.09126999955,-63.27549600000202,-0.0733795974354494,858,1,13.83493410595849
2024-06-28,86167.09126999955,86056.79893699952,-110.29233300003398,-0.12799820833505843,868,0,13.94337821571982
2024-06-30,86056.79893699952,86052.60930199952,-4.189635000002454,-0.004868453221307479,868,1,13.954701827409496
2024-07-01,86052.60930199952,85943.25720799952,-109.35209400000167,-0.12707586078678124,877,0,14.056919710987845
2024-07-02,85943.25720799952,85829.09467999951,-114.16252800000075,-0.13283476995025342,884,1,14.171745002613093
2024-07-03,85829.09467999951,85706.73894499952,-122.35573499999009,-0.14255741069642466,889,1,14.29792847785684
2024-07-04,85706.73894499952,85507.32644599947,-199.4124990000564,-0.23266840093872332,901,1,14.494496572209666
2024-07-05,85507.32644599947,85345.14587899945,-162.18056700001762,-0.18966862108879018,909,1,14.663018792296587
2024-07-07,85345.14587899945,85345.12930999945,-0.01656899999943562,-1.941410941276824e-05,910,0,14.663018792296587
2024-07-08,85345.12930999945,85244.90931799947,-100.2199919999839,-0.11742907042293467,917,0,14.755266163399819
2024-07-09,85244.90931799947,85111.88525599946,-133.02406200001133,-0.15604927386781006,926,0,14.888289951562381
2024-07-10,85111.88525599946,84982.61084899942,-129.27440700003353,-0.15188760842413734,933,1,15.022743845781008
2024-07-11,84982.61084899942,84848.67497899942,-133.93587000000116,-0.15760385408490674,940,1,15.166868655091431
2024-07-12,84848.67497899942,84757.98278599943,-90.69219299999531,-0.10688698794936068,947,0,15.244171625958645
2024-07-14,84757.98278599943,84757.98278599943,0.0,0.0,947,0,15.244171625958645
2024-07-15,84757.98278599943,84616.9644169994,-141.01836900002672,-0.16637768427792332,956,1,15.394846783784821
2024-07-16,84616.9644169994,84404.29681399943,-212.6676029999653,-0.25132974748647535,965,1,15.599239930029213
2024-07-17,84404.29681399943,84303.04676299945,-101.25005099998089,-0.11995840830604182,976,0,15.704134189098095
2024-07-18,84303.04676299945,84142.59572899945,-160.4510339999979,-0.19032649490245912,987,0,15.85757748322584
2024-07-19,84142.59572899945,84022.90198399947,-119.6937449999823,-0.14225107267368298,996,0,15.977270981829575
2024-07-21,84022.90198399947,84022.90198399947,0.0,0.0,996,0,15.977270981829575
2024-07-22,84022.90198399947,83931.42114799948,-91.4808359999879,-0.10887607287999722,1006,0,16.068751629511162
2024-07-23,83931.42114799948,83804.83863499945,-126.5825130000303,-0.15081659677467216,1013,1,16.195771881032393
2024-07-24,83804.83863499945,83643.8442079995,-160.99442699995416,-0.1921063623797946,1022,0,16.376359458281964
2024-07-25,83643.8442079995,83582.6268199995,-61.217388000004576,-0.07318815697635032,1029,1,16.451769169046564
2024-07-26,83582.6268199995,83421.36256399952,-161.26425599998038,-0.19293992320589926,1038,0,16.578809163527094
2024-07-28,83421.36256399952,83421.36256399952,0.0,0.0,1038,0,16.578809163527094
2024-07-29,83421.36256399952,83255.72872699947,-165.63383700004488,-0.1985508650412816,1050,0,16.744442659560647
2024-07-30,83255.72872699947,83102.07001999946,-153.6587070000096,-0.1845623230370918,1057,1,16.90002704628087
2024-07-31,83102.07001999946,82898.54516299946,-203.5248569999967,-0.2449094913652766,1067,0,17.101625488278373
2024-08-01,82898.54516299946,82819.29762799949,-79.24753499997314,-0.09559580912325118,1075,1,17.184010853683134
2024-08-02,82819.29762799949,82731.21831499944,-88.07931300005293,-0.10635119534058346,1083,0,17.28677031114666
2024-08-04,82731.21831499944,82722.12762799943,-9.090687000003527,-0.010988218456291434,1083,1,17.293891627487003
2024-08-05,82722.12762799943,82641.93148099947,-80.196146999966,-0.09694642691083487,1089,1,17.376274604896675
2024-08-06,82641.93148099947,82591.32299299951,-50.60848799995438,-0.061238268628305205,1095,0,17.435223592546613
2024-08-07,82591.32299299951,82450.50706999947,-140.8159230000456,-0.17049723614668483,1105,0,17.557717135386333
2024-08-08,82450.50706999947,82247.65822999949,-202.84883999997692,-0.24602497571999254,1113,1,17.75785107039862
2024-08-09,82247.65822999949,82123.18652299953,-124.47170699996059,-0.1513376911618379,1120,1,17.88741051069269
2024-08-11,82123.18652299953,82126.26752299952,3.080999999991036,0.0037516810177941244,1120,1,17.890104505146944
2024-08-12,82126.26752299952,81989.2117309995,-137.0557920000283,-0.16688423342951236,1128,0,18.010957048364766
2024-08-13,81989.2117309995,81880.9231579995,-108.288572999998,-0.1320766119270481,1135,1,18.142534350504995
2024-08-14,81880.9231579995,81712.1655109995,-168.75764699999127,-0.2061012999015073,1144,0,18.288002698049663
2024-08-15,81712.1655109995,81609.15667999952,-103.00883099998464,-0.1260630291166599,1151,1,18.392169314616414
2024-08-16,81609.15667999952,81512.63056399953,-96.52611599999364,-0.11827853629033996,1156,0,18.487537234295825
2024-08-18,81512.63056399953,81498.99944599954,-13.631117999990238,-0.016722706537225275,1156,1,18.503742318936684
2024-08-19,81498.99944599954,81411.17786599958,-87.8215799999598,-0.10775786279210647,1163,1,18.591437718410397
2024-08-20,81411.17786599958,81211.50910099958,-199.6687649999949,-0.24525964398727146,1172,1,18.797772058658772
2024-08-21,81211.50910099958,81125.19921499956,-86.30988600001729,-0.10627789946949151,1178,1,18.878711778039513
2024-08-22,81125.19921499956,81040.24227199958,-84.95694299998286,-0.10472324730424186,1186,0,18.97087574331445
2024-08-23,81040.24227199958,80872.38337099961,-167.8589009999705,-0.20713030501140034,1196,0,19.11890972157758
2024-08-25,80872.38337099961,80862.31440799961,-10.068962999997893,-0.012450434351374103,1196,1,19.140114046927216
2024-08-26,80862.31440799961,80718.71590399959,-143.59850400002324,-0.1775839648559666,1206,1,19.29585623032261
2024-08-27,80718.71590399959,80592.78669199956,-125.92921200003184,-0.1560099297786179,1214,1,19.412311202593095
2024-08-28,80592.78669199956,80487.33938599958,-105.44730599997274,-0.13083963258766493,1222,1,19.512181303004468
2024-08-29,80487.33938599958,80351.39947399961,-135.93991199997254,-0.16889601897266676,1230,0,19.660124393454705
2024-08-30,80351.39947399961,80260.46797699961,-90.93149699999776,-0.11316728469604527,1235,1,19.74841302970725
2024-09-01,80260.46797699961,80236.55659399962,-23.91138299999875,-0.02979222972740587,1237,0,19.76360857742631
2024-09-02,80236.55659399962,80146.1340799996,-90.42251400001987,-0.11269490845371348,1243,0,19.865020116664585
2024-09-03,80146.1340799996,79955.49414799963,-190.63993199996185,-0.2378654119606948,1254,1,20.03577179416198
2024-09-04,79955.49414799963,79799.96626699963,-155.5278810000018,-0.19451806615329745,1261,1,20.205792994163144
2024-09-05,79799.96626699963,79716.08891899964,-83.87734799999453,-0.10510950307842555,1265,1,20.284981179149508
2024-09-06,79716.08891899964,79628.97511999965,-87.11379899998428,-0.10928007154051617,1273,0,20.39206444371218
2024-09-08,79628.97511999965,79620.86706199966,-8.108057999997982,-0.010182296064691605,1273,1,20.39206444371218
2024-09-09,79620.86706199966,79397.38161799965,-223.48544400000537,-0.28068702621133274,1284,0,20.602781825937793
2024-09-10,79397.38161799965,79258.61253199964,-138.7690860000148,-0.17477791228389247,1292,0,20.74155062627391
2024-09-11,79258.61253199964,79102.30655899958,-156.3059730000532,-0.19721007977138977,1303,0,20.8978562775094
2024-09-12,79102.30655899958,79025.60411899956,-76.70244000002276,-0.09696612315952273,1307,1,20.97858155133159
2024-09-13,79025.60411899956,78788.44714399954,-237.15697500001988,-0.300101438823423,1318,0,21.212514802765998
2024-09-15,78788.44714399954,78759.02631199954,-29.42083200000343,-0.0373415558580965,1319,1,21.2425398149577
2024-09-16,78759.02631199954,78571.77510199958,-187.25120999995852,-0.2377520631834289,1330,1,21.428518642109083
2024-09-17,78571.77510199958,78478.52908999959,-93.2460119999887,-0.11867621913713856,1339,0,21.530978772188757
2024-09-18,78478.52908999959,78373.43790799959,-105.09118200000376,-0.13391074376468579,1348,1,21.71436895866904
2024-09-19,78373.43790799959,78330.45526699958,-42.98264100000961,-0.05484337825076111,1353,1,21.71436895866904
2024-09-20,78330.45526699958,78235.51900099959,-94.9362659999897,-0.12119968622215592,1360,1,21.766490047374663
2024-09-22,78235.51900099959,78238.18700099959,2.6680000000051223,0.0034102157614254907,1360,1,21.766490047374663
2024-09-23,78238.18700099959,78158.58477699957,-79.60222400001658,-0.101743441471873,1369,0,21.84368623446169
2024-09-24,78158.58477699957,78082.43692699958,-76.14784999999392,-0.09742736542282254,1375,1,21.923599797954825
2024-09-25,78082.43692699958,78027.73823099957,-54.69869600000675,-0.07005249599361937,1382,0,21.972422393450586
2024-09-26,78027.73823099957,77895.10052699955,-132.6377040000225,-0.16998788765009593,1391,1,22.109023816248374
2024-09-27,77895.10052699955,77852.06720699953,-43.03332000001683,-0.05524522044246013,1399,0,22.16136371650358
2024-09-29,77852.06720699953,77852.06720699953,0.0,0.0,1399,0,22.16136371650358
2024-09-30,77852.06720699953,77757.84261299955,-94.22459399998479,-0.12103030449975416,1409,0,22.250873116243092
2024-10-01,77757.84261299955,77630.80766499953,-127.03494800001499,-0.1633725213188686,1418,1,22.379974120480945
2024-10-02,77630.80766499953,77582.24993899952,-48.557726000013645,-0.06254955662648128,1425,1,22.418655766852464
2024-10-03,77582.24993899952,77454.9659509995,-127.28398800002469,-0.1640632852232361,1435,1,22.55269547892369
2024-10-04,77454.9659509995,77362.48208499952,-92.48386599998048,-0.11940340411289929,1444,0,22.640059417079765
2024-10-06,77362.48208499952,77357.00347499951,-5.478610000005574,-0.007081740208368869,1444,1,22.64706776065268
2024-10-07,77357.00347499951,77297.0492529995,-59.95422200001485,-0.07750328904530415,1450,2,22.71688783892388
2024-10-08,77297.0492529995,77234.05405899952,-62.99519399997371,-0.08149754047374479,1458,2,22.760754502621694
2024-10-09,77234.05405899952,77128.07258099958,-105.98147799994331,-0.13722117696810718,1469,2,22.876344182673343
2024-10-10,77128.07258099958,76937.56527099959,-190.50730999998632,-0.24700125858832575,1481,1,23.062593109268736
2024-10-11,76937.56527099959,76862.58460099957,-74.98067000001902,-0.09745651520932883,1487,0,23.152003423212253
2024-10-13,76862.58460099957,76861.87286299957,-0.7117379999981495,-0.0009259875968168959,1487,1,23.152003423212253
2024-10-14,76861.87286299957,76811.61066299956,-50.262200000011944,-0.06539289003482972,1491,1,23.196333441956273
2024-10-15,76811.61066299956,76778.05100099953,-33.559662000028766,-0.043690871354419576,1495,1,23.235221023903875
2024-10-16,76778.05100099953,76675.98942299956,-102.06157799997891,-0.1329306705097922,1503,1,23.324500418116873
2024-10-17,76675.98942299956,76580.39618699954,-95.59323600001517,-0.12467166934443397,1510,1,23.42470344784294
2024-10-18,76580.39618699954,76440.97555299956,-139.42063399998005,-0.18205786459961984,1520,0,23.559181805011146
2024-10-20,76440.97555299956,76422.02017299956,-18.955379999999423,-0.024797407232011195,1521,1,23.57972114272969
2024-10-21,76422.02017299956,76268.07052499954,-153.94964800002344,-0.20144671346232607,1533,0,23.732086477076525
2024-10-22,76268.07052499954,76160.05359899954,-108.0169259999966,-0.14162797781096384,1542,0,23.840103180717655
2024-10-23,76160.05359899954,76067.75309499957,-92.3005039999698,-0.1211928033637601,1551,0,23.93240349471189
2024-10-24,76067.75309499957,75957.30540899959,-110.44768599998497,-0.1451964617149253,1558,1,24.049298940075577
2024-10-25,75957.30540899959,75847.91989099959,-109.3855179999955,-0.14400921334820715,1567,0,24.152236246172965
2024-10-27,75847.91989099959,75842.68996299959,-5.229928000000655,-0.006895282042693512,1567,1,24.16799614173027
2024-10-28,75842.68996299959,75824.73996299958,-17.95000000001164,-0.023667409487675976,1567,1,24.179066118942067
2024-10-29,75824.73996299958,75721.76911499957,-102.97084800001176,-0.13580112249677181,1575,1,24.278344762571038
2024-10-30,75721.76911499957,75587.76920099961,-133.99991399995633,-0.17696352788119496,1587,0,24.4124019246063
2024-10-31,75587.76920099961,75488.55927699963,-99.20992399998067,-0.13125129243616926,1597,0,24.511596120409063
2024-11-01,75488.55927699963,75433.16651299963,-55.39276400000381,-0.07337901866260846,1604,1,24.588258550594855
2024-11-03,75433.16651299963,75419.19646699962,-13.970046000002185,-0.018519766099961726,1605,0,24.588258550594855
2024-11-04,75419.19646699962,75302.24272699968,-116.95373999993899,-0.15507158055060052,1616,1,24.703512275338078
2024-11-05,75302.24272699968,75207.24193099969,-95.00079599999299,-0.12615931818180812,1625,0,24.792912887301554
2024-11-06,75207.24193099969,75209.0855509997,1.843620000014198,0.0024513862663726746,1630,1,24.80648036537208
2024-11-07,75209.0855509997,75118.9123889997,-90.17316200000641,-0.11989663394971009,1639,1,24.882472244938235
2024-11-08,75118.9123889997,75031.38786299968,-87.52452600002289,-0.11651463421991698,1650,0,24.975916488577685
2024-11-10,75031.38786299968,75031.38786299968,0.0,0.0,1650,0,24.975916488577685
2024-11-11,75031.38786299968,74998.43329099966,-32.954572000016924,-0.04392104816212237,1657,0,25.003550331691777
2024-11-12,74998.43329099966,74963.33879499968,-35.09449599997606,-0.046793638826836195,1663,1,25.04275150899377
2024-11-13,74963.33879499968,74862.62053099967,-100.7182640000101,-0.13435669437755665,1674,1,25.139311574219096
2024-11-14,74862.62053099967,74809.08718099966,-53.53335000001243,-0.0715087845179624,1680,1,25.20351679204881
2024-11-15,74809.08718099966,74709.37149499964,-99.71568600002502,-0.13329354729160664,1685,1,25.297740284084124
2024-11-17,74709.37149499964,74706.56349499963,-2.80800000000454,-0.0037585646135337683,1685,1,25.30249827428952
2024-11-18,74706.56349499963,74624.03786299964,-82.52563199998986,-0.11046637422361634,1690,1,25.37695975300609
2024-11-19,74624.03786299964,74499.28383099964,-124.7540319999971,-0.16717673764723082,1699,0,25.500869529930377
2024-11-20,74499.28383099964,74424.87387699963,-74.40995400001702,-0.09988009303393405,1704,1,25.576417328410724
2024-11-21,74424.87387699963,74324.25803899963,-100.6158379999979,-0.13519114344255861,1710,1,25.68092895126727
2024-11-22,74324.25803899963,74247.38259699961,-76.87544200001867,-0.10343250511788543,1716,0,25.758745493077246
2024-11-24,74247.38259699961,74247.38259699961,0.0,0.0,1716,0,25.758745493077246
2024-11-25,74247.38259699961,74165.20400099966,-82.17859599995427,-0.11068214545151543,1727,0,25.836057793925267
2024-11-26,74165.20400099966,74066.02237899958,-99.18162200007646,-0.1337306670102864,1736,1,25.93342209149504
2024-11-27,74066.02237899958,73979.70387099958,-86.31850799999665,-0.11654265373979514,1747,1,26.022678415755546
2024-11-28,73979.70387099958,73907.88389899959,-71.8199719999975,-0.09708064271956528,1754,0,26.093266882444947
2024-11-29,73907.88389899959,73875.08047299962,-32.80342599996948,-0.04438420405162419,1760,0,26.13067011344812
2024-12-01,73875.08047299962,73875.08047299962,0.0,0.0,1760,0,26.13067011344812
2024-12-02,73875.08047299962,73779.25856699966,-95.82190599995374,-0.12970802249748534,1768,1,26.221273310935956
2024-12-03,73779.25856699966,73711.71831299966,-67.54025400000683,-0.09154368763230775,1776,1,26.2955554120218
2024-12-04,73711.71831299966,73611.36641499962,-100.35189800003718,-0.1361410374045497,1787,0,26.388785118102888
2024-12-05,73611.36641499962,73538.74201899968,-72.62439599994104,-0.09865921465240257,1796,0,26.46140936460146
2024-12-06,73538.74201899968,73448.61495499969,-90.1270639999857,-0.12255725557108416,1805,0,26.540386340022604
2024-12-08,73448.61495499969,73449.2784929997,0.6635380000079749,0.0009034043738122355,1805,1,26.56047868666129
2024-12-09,73449.2784929997,73396.50466899968,-52.77382400001807,-0.0718507044355076,1810,0,26.613748927001314
2024-12-10,73396.50466899968,73214.49889099965,-182.0057780000352,-0.24797608390322787,1821,0,26.78565182512893
2024-12-11,73214.49889099965,73103.04556499963,-111.45332600001711,-0.15222848983224854,1828,1,26.897910920036868
2024-12-12,73103.04556499963,73064.4112629996,-38.63430200003495,-0.05284910047377333,1835,0,26.94541874423919
2024-12-13,73064.4112629996,73062.24174499961,-2.1695179999805987,-0.0029693224956966976,1838,0,26.95014853650263
2024-12-15,73062.24174499961,73062.24174499961,0.0,0.0,1838,0,26.95014853650263
2024-12-16,73062.24174499961,72965.21371499958,-97.02803000003041,-0.13280187916855293,1846,1,27.039900477742897
2024-12-17,72965.21371499958,72861.96077899962,-103.25293599996075,-0.1415098109672704,1857,1,27.138189211409596
2024-12-18,72861.96077899962,72748.86590699964,-113.09487199998694,-0.15521799137827114,1868,2,27.254086540827988
2024-12-19,72748.86590699964,72636.97401899967,-111.89188799996919,-0.15380568013666224,1875,1,27.37026190767399
2024-12-20,72636.97401899967,72531.68128099969,-105.29273799997463,-0.14495749502510002,1882,2,27.48108600353591
2024-12-22,72531.68128099969,72528.95728099969,-2.724000000001979,-0.0037556002451518446,1882,2,27.48108600353591
2024-12-23,72528.95728099969,72433.67226899967,-95.2850120000221,-0.13137513011645596,1892,1,27.56647683975377
2024-12-24,72433.67226899967,72336.75891899964,-96.91335000003164,-0.13379599151085544,1899,2,27.664899987143844
2024-12-25,72336.75891899964,72326.59824899964,-10.16066999999748,-0.014046344005231241,1900,1,27.673550639335957
2024-12-26,72326.59824899964,72221.56954499961,-105.02870400002575,-0.1452144944498042,1909,2,27.780309123567232
2024-12-27,72221.56954499961,72139.98614299964,-81.58340199997474,-0.11296265438975539,1918,1,27.863521886268767
2024-12-29,72139.98614299964,72139.98614299964,0.0,0.0,1918,1,27.863521886268767
2024-12-30,72139.98614299964,72055.06210499966,-84.92403799998283,-0.1177211731530444,1927,1,27.945086224363646
2024-12-31,72055.06210499966,71986.12220899967,-68.93989599998167,-0.09567668666987128,1934,2,28.019353967479017
